Description :  ; walk_time = 2.0 ; speed_up_time = 3.0 ; balancing_time = 0.0
RealTime,Time,CalculationTime,Roll,SteeringAngle,RollRate,ControlInput,gy,gz,ax,ay,az,imu_read_timing,SteerMotorCurrent
09:25:36.179130,0.03986,0.03983,0.00046,0.00059,-0.00422,0.10080,0.00036,-0.00150,0.01159,0.05740,0.98893,0.00001,0.02198
09:25:36.450479,0.31119,0.25936,0.00071,0.00059,-0.00452,0.06904,0.00005,-0.00227,0.01257,0.05600,0.98649,0.05147,0.03419
09:25:36.726106,0.58678,0.26906,0.00222,0.04622,0.00464,-0.15250,0.00021,-0.00272,-0.00226,0.04496,0.98460,0.31590,0.02198
09:25:36.997467,0.85816,0.25922,0.00547,0.03957,0.01090,-1.07300,-0.00147,-0.00089,0.01238,0.04056,0.98619,0.59834,0.02686
09:25:37.269344,1.13003,0.26555,0.01927,0.03326,0.05061,-5.32719,-0.00224,-0.00089,0.00579,0.06899,0.99052,0.86337,0.01465
