Description :  ; walk_time = 2.0 ; speed_up_time = 3.0 ; balancing_time = 0.0
RealTime,Time,CalculationTime,Roll,SteeringAngle,RollRate,ControlInput,gy,gz,ax,ay,az,imu_read_timing,SteerMotorCurrent
09:27:26.063060,0.04013,0.04009,0.00009,0.10664,-0.00923,1.40877,0.00218,0.00052,0.00366,0.03593,0.98814,0.00001,0.01221
09:27:26.341263,0.31852,0.26407,0.00002,0.10664,-0.00495,1.24041,-0.00042,0.00082,0.00354,0.03684,0.98850,0.05319,0.01221
09:27:26.615788,0.59307,0.26121,0.00392,0.10163,0.01338,-0.29454,0.00035,-0.00162,0.00744,0.03782,0.98863,0.33395,0.01709
